stop_lat,stop_lon,alightings
40.031240999999994,-111.74380900000001,2.918
40.032151,-111.73523600000001,7.439
40.032313,-111.754406,9.204
40.032454,-111.754278,2.952
40.033778999999996,-111.734094,7.439
40.044422,-111.72288200000001,6.835
40.044643,-111.73279699999999,30.471
40.044657,-111.716439,12.737
40.060358,-111.66896799999999,45.314
40.106141,-111.65466299999999,23.18
40.107003000000006,-111.655002,7.439
40.107931,-111.654991,11.968
40.109660999999996,-111.64841200000001,6.835
40.112192,-111.640771,12.806
40.115551,-111.64074199999999,8.17
40.117214000000004,-111.640731,20.106
40.118972,-111.64071799999999,41.64
40.121572,-111.638752,21.84
40.122710999999995,-111.633803,5.904
40.142445,-111.612136,16.340999999999998
40.160559,-111.610776,32.592
40.161193,-111.60736100000001,6.242999999999999
40.164194,-111.60328700000001,2.952
40.181821,-111.610778,4.303
40.197371999999994,-111.61747700000001,12.535
40.20727,-111.62954199999999,8.606
40.214535999999995,-111.656644,4.99
40.217026000000004,-111.658798,11.069
40.218227,-111.659126,7.772
40.220551,-111.65914099999999,12.429
40.221705,-111.665148,5.837000000000001
40.222364,-111.658879,153.606
40.224911999999996,-111.660886,6.822
40.224964,-111.66143400000001,30.791
40.225326,-111.66091899999999,52.27900000000001
40.225328000000005,-111.66121299999999,86.501
40.225353999999996,-111.66143799999999,76.23100000000001
40.225389,-111.661723,25.392
40.229199,-111.65887099999999,26.702
40.229759,-111.652018,4.756
40.230241,-111.64284199999999,23.172
40.232092,-111.658851,23.182
40.233339,-111.658841,23.182
40.233918,-111.668322,24.564
40.23393,-111.695474,15.314
40.234144,-111.64308999999999,23.186
40.235061,-111.66023100000001,6.095
40.236115000000005,-111.643308,8.749
40.238064,-111.66233000000001,18.581
40.239768,-111.643301,10.844000000000001
40.240094,-111.66230300000001,24.067999999999998
40.242977,-111.654839,6.564
40.243618,-111.658492,45.005
40.243924,-111.662233,3.0469999999999997
40.245802000000005,-111.644618,42.954
40.245921,-111.64478600000001,112.914
40.246139,-111.667566,24.971999999999998
40.246757,-111.667317,36.016999999999996
40.246981,-111.65849299999999,23.104
40.251274,-111.658552,18.96
40.252615999999996,-111.66188100000001,2.781
40.252671,-111.662103,27.3
40.253128000000004,-111.658758,72.362
40.253236,-111.66968100000001,21.803
40.253403999999996,-111.68576499999999,4.5889999999999995
40.253409999999995,-111.68085900000001,14.197000000000001
40.253929,-111.669909,13.644
40.255559000000005,-111.694854,14.197000000000001
40.255935,-111.67218899999999,12.485999999999999
40.256094,-111.65938999999999,9.48
40.256826000000004,-111.671529,32.983000000000004
40.256879999999995,-111.66103500000001,12.328
40.256910999999995,-111.66894599999999,58.084
40.256915,-111.672676,17.008000000000003
40.261527,-111.676955,15.552
40.261752,-111.667933,4.5889999999999995
40.263688,-111.694837,16.1
40.267295000000004,-111.68199399999999,12.485999999999999
40.267390999999996,-111.69511100000001,25.101
40.268211,-111.682119,20.534000000000002
40.268409999999996,-111.657376,4.157
40.270702,-111.70844699999999,28.394000000000002
40.272031,-111.683803,11.069
40.272146,-111.712021,6.207999999999999
40.272233,-111.684252,35.888
40.272889,-111.67868500000002,31.104
40.273444,-111.679824,114.52999999999999
40.273672999999995,-111.69596200000001,3.862
40.275332,-111.711979,75.03800000000001
40.275892,-111.71244399999999,95.373
40.277068,-111.657798,2.955
40.278052,-111.70820800000001,25.083000000000002
40.278207,-111.676426,6.095
40.278875,-111.72863000000001,117.791
40.279022999999995,-111.676199,15.552
40.279328,-111.708611,21.82
40.280014,-111.713851,35.573
40.280543,-111.726206,69.32
40.280722999999995,-111.715732,477.866
40.280793,-111.72638400000001,70.4
40.280882,-111.715671,260.486
40.281197999999996,-111.67646599999999,9.985
40.282354,-111.68744299999999,87.869
40.282432,-111.65858100000001,8.315
40.282598,-111.71800400000001,82.53200000000001
40.282926,-111.688657,13.642999999999999
40.283159999999995,-111.658404,4.6819999999999995
40.284106,-111.72414599999999,1.963
40.286407000000004,-111.690206,20.534000000000002
40.289011,-111.72431200000001,5.983
40.289304,-111.658324,28.945
40.289403,-111.691722,6.095
40.289929,-111.728311,5.117
40.293752000000005,-111.693351,20.534000000000002
40.295471,-111.69410400000001,65.281
40.296690999999996,-111.69503700000001,40.431
40.297039,-111.677485,13.845
40.297364,-111.67639799999999,2.955
40.298061,-111.695209,25.189
40.299145,-111.696076,16.791
40.299597,-111.724227,3.0469999999999997
40.301165999999995,-111.696595,58.114000000000004
40.302761,-111.66271299999998,17.422
40.303699,-111.698101,20.214999999999996
40.303708,-111.662904,10.96
40.305165,-111.69843200000001,13.642999999999999
40.307745000000004,-111.67654499999999,2.3
40.307821000000004,-111.67671299999999,45.498000000000005
40.309195,-111.724352,41.821999999999996
40.313278000000004,-111.70188799999998,53.817
40.313882,-111.719691,41.821999999999996
40.317158,-111.70359099999999,19.596
40.319878,-111.70479399999999,12.36
40.322927,-111.68051899999999,9.985
40.326372,-111.71411599999999,72.999
40.326413,-111.709896,20.910999999999998
40.326438,-111.706956,3.0469999999999997
40.326615999999994,-111.70916799999999,8.507
40.326705,-111.687322,2.3
40.330379,-111.71087800000001,22.237
40.330594,-111.710714,8.141
40.332719,-111.712453,11.213
40.333298,-111.713371,49.173
40.335535,-111.714771,13.04
40.341511,-111.72009399999999,22.237
40.349995,-111.729693,16.005
40.350117,-111.729304,19.596
40.351546,-111.73143200000001,22.237
40.356342,-111.736731,37.288
40.357791999999996,-111.738969,22.679000000000002
40.361893,-111.74066599999999,11.213
40.362004999999996,-111.740797,22.679000000000002
40.363217,-111.74067099999999,19.354
40.364053999999996,-111.742529,22.237
40.364719,-111.74450300000001,8.141
40.365621000000004,-111.74944199999999,10.931
40.366181,-111.751701,10.894
40.369776,-111.76798600000001,21.485
40.370422,-111.769827,8.141
40.372234000000006,-111.777782,16.215999999999998
40.372601,-111.780428,16.005
40.373723,-111.783928,30.869
40.374506,-111.787357,8.107999999999999
40.374918,-111.79021599999999,16.005
40.376828,-111.796704,22.426
40.376962,-111.806997,8.107999999999999
40.379658,-111.73991299999999,4.794
40.381864,-111.813926,20.910999999999998
40.387252000000004,-111.822506,21.914
40.388076,-111.91618400000002,1.6380000000000001
40.389178,-111.827426,20.522
40.395676,-111.772319,2.397
40.398663,-111.92627399999999,20.544
40.399024,-111.931822,44.335
40.402341,-111.855048,6.164
40.404167,-111.857463,8.507
40.411406,-111.866875,17.906
40.418748,-111.880774,17.939
40.420421000000005,-111.88600600000001,81.15199999999999
40.425608000000004,-111.895555,34.742
40.425708,-111.89611799999999,38.589999999999996
40.431919,-111.811242,41.46
40.435596000000004,-111.890951,61.717
40.525271000000004,-111.858303,10.03
40.52609,-111.871305,1.771
40.526641,-111.884616,1.771
40.542425,-111.929056,1.706
40.553740999999995,-111.929248,1.3519999999999999
40.555706,-111.929051,1.197
40.556905,-111.911875,2.755
40.559616999999996,-111.902501,4.0569999999999995
40.561065,-111.92925100000001,1.3519999999999999
40.562169,-111.93796200000001,10.131
40.562426,-111.93436399999999,6.501
40.563601,-111.901253,27.501999999999995
40.56375,-111.90086399999998,15.939999999999998
40.565215,-111.894929,20.45
40.565665,-111.938828,8.675
40.565675,-111.90380800000001,7.909
40.569261,-111.904575,7.444
40.569815000000006,-111.89625600000001,5.025
40.570878,-111.884752,23.125999999999998
40.572608,-111.938854,5.8020000000000005
40.57575,-111.89069099999999,34.708
40.576161,-111.89100400000001,5.025
40.578724,-111.83293300000001,4.2860000000000005
40.578844000000004,-111.833211,84.18099999999998
40.579846999999994,-111.89105500000001,2.572
40.580504,-111.86944199999999,7.077999999999999
40.584286,-111.97336499999999,44.267999999999994
40.584784,-111.938873,4.82
40.586039,-111.93851799999999,7.481
40.586395,-111.9951,7.087000000000001
40.587139,-111.891021,2.572
40.587748,-111.98453899999998,5.646
40.588739000000004,-111.90413500000001,9.342
40.589311,-111.834298,15.930000000000001
40.589401,-111.93887099999999,9.94
40.59218,-112.449044,5.284
40.592251,-112.42631599999999,9.381
40.592655,-111.938573,3.4130000000000003
40.593255,-111.89101200000002,5.025
40.593911999999996,-111.85331799999999,1.8880000000000001
40.594337,-111.83216599999999,4.2860000000000005
40.594934,-111.970828,23.505
40.595057000000004,-111.97038899999998,16.923
40.596399,-111.890997,5.025
40.596404,-112.01620700000001,10.288
40.598107,-112.01804399999999,1.431
40.598397,-111.900499,3.025
40.599229,-111.95685800000001,32.016999999999996
40.599303000000006,-111.896181,14.727
40.599556,-111.832245,12.552999999999999
40.599662,-112.449421,5.284
40.599727,-112.45789099999999,4.0969999999999995
40.599758,-112.46076299999999,5.284
40.601627,-111.96745800000001,10.87
40.602077,-111.938552,5.698
40.602692,-111.79587099999999,4.817
40.605037,-111.83311200000001,15.452
40.605127,-111.936159,172.62299999999996
40.606093,-112.01446000000001,2.863
40.606603,-111.938598,2.77
40.608721,-111.96756699999999,2.812
40.609356,-111.79739599999999,4.629
40.609367,-111.808497,3.01
40.609372,-111.801647,4.629
40.60947,-111.870921,15.02
40.609489,-111.86431599999999,1.286
40.6096,-111.98323300000001,5.646
40.609607000000004,-111.87298200000001,7.0329999999999995
40.609648,-111.93766799999999,5.236000000000001
40.610323,-111.89315900000001,71.30600000000001
40.610323,-111.89315,5.007
40.610399,-111.86272199999999,22.336
40.610493,-111.96736899999999,3.6439999999999997
40.610675,-111.89351699999999,46.28
40.612144,-111.938929,36.239999999999995
40.612175,-111.862707,11.168
40.612286,-111.890864,1.286
40.613869,-111.938921,2.955
40.614403,-111.833572,15.348
40.614973,-111.979942,21.395
40.616008,-111.938927,16.855999999999998
40.616106,-111.890477,5.91
40.616576,-111.862715,37.524
40.618302,-111.85958500000001,41.535999999999994
40.618460999999996,-111.89810800000001,17.073999999999998
40.61853,-111.85994699999999,17.323
40.619988,-111.93893100000001,25.014999999999997
40.620125,-111.834511,11.654
40.620131,-111.89074699999999,7.508000000000001
40.620221,-111.979207,14.125
40.620678000000005,-111.877545,7.16
40.620688,-111.879851,5.822
40.620694,-111.889765,1.598
40.620894,-111.884592,7.625
40.62202,-111.938622,7.166
40.62238,-112.01276100000001,0.24600000000000002
40.622461,-111.978893,4.288
40.623062,-111.863079,8.953
40.623158000000004,-111.938973,16.855999999999998
40.623315999999996,-111.834423,18.261
40.623902,-111.82324799999999,4.629
40.623934999999996,-111.937751,2.8739999999999997
40.624046,-111.81617800000001,16.892
40.624064000000004,-111.82356899999999,8.446
40.624124,-111.833514,20.348
40.624154,-111.81403,5.584
40.624394,-111.835167,3.2680000000000002
40.624423,-111.97774199999999,5.612
40.624551000000004,-111.807631,11.879000000000001
40.6246,-111.89036599999999,5.382000000000001
40.624662,-111.938601,7.166
40.625768,-111.938955,11.712
40.626082000000004,-111.88994199999999,4.524
40.626171,-111.89017,2.248
40.626488,-112.01794699999999,20.22
40.626942,-111.854874,13.944
40.627663,-111.834101,35.591
40.627718,-111.88976299999999,8.865
40.627756,-111.854863,5.584
40.628494,-111.89003100000001,2.049
40.628599,-111.97778100000001,5.612
40.62992,-111.889908,22.498
40.631129,-111.96727800000001,2.886
40.631384000000004,-111.824807,4.629
40.63169,-111.86678500000001,7.5889999999999995
40.631739,-111.979644,21.038
40.632152000000005,-111.87316799999999,15.817
40.632168,-112.007403,2.061
40.632236999999996,-111.80866599999999,9.449
40.632338,-111.85481999999999,5.891
40.632602,-111.87934299999999,11.061
40.632785999999996,-111.88156799999999,18.883
40.632946000000004,-111.886353,6.731
40.633010999999996,-111.80657099999999,10.667
40.633037,-111.810507,12.158000000000001
40.63308,-111.885003,82.445
40.63342,-111.89040800000001,11.128
40.633602,-111.89818600000001,26.87
40.634202,-111.85479099999999,6.182
40.634454999999996,-111.938943,11.262
40.634809999999995,-111.88914399999999,11.048
40.635104,-111.95794199999999,2.061
40.635731,-111.88941799999999,2.6910000000000003
40.635923,-111.834425,23.029
40.636076,-111.86609399999999,15.817
40.636249,-111.889072,4.404
40.636311,-112.02387900000001,17.64
40.636433000000004,-111.854759,5.891
40.636463,-112.00673300000001,5.1080000000000005
40.636873,-111.824821,4.629
40.637361999999996,-111.978293,11.252
40.637588,-111.834451,14.155
40.637692,-112.005721,15.453
40.637997999999996,-111.938966,48.253
40.638011,-111.936631,6.361000000000001
40.638453999999996,-112.02701100000002,52.370999999999995
40.638459999999995,-111.97887,15.175
40.638482,-112.032068,6.709
40.638493,-111.982483,11.252
40.638496999999994,-111.99206299999999,4.112
40.638496999999994,-111.96378100000001,13.203
40.638534,-111.937522,13.152999999999999
40.638645000000004,-111.982428,10.481
40.638653000000005,-111.96633200000001,6.041
40.639363,-111.98636200000001,6.443
40.640249,-111.836105,10.841000000000001
40.641129,-111.88919299999999,1.003
40.641548,-111.866114,3.0639999999999996
40.641616,-111.98658300000001,43.218
40.642274,-112.02505500000001,3.085
40.642687,-112.03363300000001,11.225999999999999
40.642754,-111.88878500000001,12.388
40.642983,-111.86610300000001,29.366999999999997
40.643738,-111.95796399999999,2.061
40.644519,-111.986603,7.4479999999999995
40.645412,-112.033345,10.215
40.645901,-111.888934,2.248
40.645959999999995,-111.987048,1.3159999999999998
40.646338,-111.854676,18.762
40.646846999999994,-111.85441200000001,13.918000000000001
40.648677,-111.93903300000001,49.528
40.648943,-112.03136200000002,2.6260000000000003
40.649064,-112.00566599999999,1.0759999999999998
40.649094,-111.835067,8.374
40.649194,-111.866073,21.505
40.649240999999996,-112.03146799999999,16.065
40.649813,-111.938627,8.616
40.650279,-111.854648,10.472999999999999
40.650664,-112.00548500000001,15.724
40.651676,-112.296659,15.852
40.651723,-111.939043,125.858
40.651858000000004,-111.866068,15.817
40.651931,-111.987025,22.436999999999998
40.65206,-111.854633,17.461000000000002
40.65225,-111.83504599999999,28.311
40.652634,-111.993568,31.889
40.652709,-112.00153300000001,24.702
40.652714,-112.031493,1.706
40.652851,-111.99275800000001,9.57
40.652852,-111.99608799999999,5.117
40.652885999999995,-112.00161899999999,14.491
40.652904,-112.00660800000001,15.639
40.652913,-111.92164199999999,2.9810000000000003
40.652916,-111.933627,6.586
40.652953000000004,-112.02596100000001,2.6260000000000003
40.652955,-111.985252,6.939
40.652984000000004,-111.966711,22.076
40.653012,-111.941882,32.062
40.653040999999995,-111.940021,30.658
40.653121999999996,-111.930311,17.844
40.653172,-111.985171,31.102
40.653177,-112.027993,7.011
40.653181,-112.02526100000001,8.469000000000001
40.653197,-111.967808,21.252000000000002
40.653208,-111.96137900000001,2.397
40.653313,-111.936764,79.79
40.653317,-112.004446,6.586
40.653335,-112.00431299999998,6.4510000000000005
40.653746000000005,-111.938622,37.295
40.653843,-111.9387,2.559
40.653952000000004,-111.865785,9.226
40.653991,-111.986818,32.64
40.654051,-111.96733300000001,7.962000000000001
40.654074,-111.866075,23.406
40.654094,-111.967501,15.612
40.654621,-111.910198,19.134
40.655001,-111.85461699999999,2.061
40.655434,-111.888129,8.172
40.655557,-111.938993,30.346
40.655584999999995,-111.866078,14.53
40.656118,-111.83493899999999,8.374
40.656221,-111.93868,6.544
40.656359,-111.996049,9.252
40.656473,-111.996265,10.69
40.656967,-112.007626,12.059000000000001
40.657209,-111.888503,20.709
40.657385999999995,-111.888124,3.5589999999999997
40.658488,-111.8945,16.354000000000003
40.659234000000005,-111.89431100000002,271.34499999999997
40.659519,-111.834695,4.422
40.659674,-111.89551399999999,59.27900000000001
40.659760999999996,-111.903954,8.236
40.65996,-111.895141,154.953
40.659997,-111.89530400000001,74.58800000000001
40.660163,-111.895228,47.449999999999996
40.660270000000004,-111.89496299999999,65.068
40.660396,-111.83544499999999,3.6510000000000002
40.660407,-111.939006,29.619
40.660858000000005,-111.89918600000001,10.718999999999998
40.660996999999995,-112.009476,2.3480000000000003
40.661702000000005,-111.939008,29.619
40.661724,-111.865076,30.186999999999998
40.662145,-111.90490600000001,1.301
40.662516,-111.8885,4.317
40.662656,-111.892903,2.545
40.663765999999995,-111.996498,38.509
40.66411,-111.85428799999998,5.007
40.664195,-111.854528,10.472999999999999
40.664448,-111.88914,21.063
40.664575,-111.88851000000001,45.978
40.664795,-111.839331,21.232999999999997
40.664879,-111.93873899999998,4.0969999999999995
40.665347,-111.905979,2.397
40.665783000000005,-111.838718,11.012
40.665805999999996,-111.83456100000001,6.34
40.665982,-111.84109099999999,25.709
40.666015,-111.853136,8.48
40.666177000000005,-111.852474,7.337
40.666281,-111.84411100000001,6.7589999999999995
40.666359,-111.839165,4.782
40.66644,-111.85425900000001,0.6679999999999999
40.666838,-111.854447,14.541
40.666945,-111.99648400000001,6.485
40.666996999999995,-111.93901299999999,3.6439999999999997
40.667016,-111.95814399999999,7.321000000000001
40.667065,-111.967549,15.088999999999999
40.667147,-111.888501,49.257000000000005
40.667162,-111.989506,2.5780000000000003
40.667165999999995,-111.991372,1.614
40.667171,-111.99346200000001,17.884
40.667189,-112.003697,31.524
40.667282,-112.00692099999999,5.069000000000001
40.667316,-111.989593,1.614
40.667328000000005,-111.996458,3.6439999999999997
40.667333,-112.00609399999999,18.936999999999998
40.667336999999996,-112.00348400000001,19.354000000000003
40.667465,-111.82656999999999,20.088
40.667473,-111.938124,38.776
40.667511,-111.98598799999999,14.282
40.667516,-112.02002900000001,4.412
40.667518,-112.023858,4.004
40.667518,-112.01686399999998,15.747
40.667526,-111.96704199999999,18.559
40.667574,-111.957245,31.524
40.667597,-111.98759199999999,37.008
40.667654,-112.01296699999999,2.248
40.667654,-112.009953,7.635
40.667657,-112.01689099999999,2.78
40.667658,-112.020344,20.571
40.667674,-112.024119,56.264
40.667674,-111.934824,13.418
40.667677000000005,-111.985098,7.635
40.667682,-111.978225,35.281
40.667688,-111.972199,1.0759999999999998
40.667689,-111.968162,29.029
40.667696,-111.98273700000001,16.067
40.667711,-111.961123,7.287000000000001
40.667721,-111.958925,7.287000000000001
40.667726,-111.95567700000001,7.635
40.66786,-111.864948,25.473999999999997
40.667874,-111.865251,6.129
40.667982,-111.934698,8.256
40.668121,-111.948353,2.39
40.668128,-112.00576399999999,24.665
40.668772,-111.83998600000001,19.292
40.668773,-111.986515,2.5780000000000003
40.668923,-111.86536799999999,58.852999999999994
40.669146999999995,-111.82453999999998,2.043
40.669213,-111.98671100000001,25.538
40.669265,-111.854078,1.011
40.669356,-111.865125,18.192999999999998
40.669607,-111.967399,6.041
40.670025,-111.94851399999999,26.292
40.670508,-111.82449,7.077999999999999
40.670564,-111.82466399999998,9.143
40.670877000000004,-111.91495900000001,11.414000000000001
40.670967,-111.914998,4.769
40.671175,-111.92566699999999,19.074
40.671303,-111.92224499999999,14.14
40.671353,-111.92211599999999,3.085
40.671416,-111.888497,1.011
40.671459000000006,-111.865379,8.552999999999999
40.671614,-111.939026,102.79599999999999
40.671685,-111.86566100000002,2.043
40.671754,-112.02455900000001,26.363
40.671991,-111.94833200000001,30.967
40.672201,-111.94851200000001,11.564
40.672411,-111.91376899999999,13.418
40.672738,-111.854272,3.4
40.673066,-111.986719,18.504
40.673337,-111.888497,38.518
40.673353999999996,-111.93898899999999,98.367
40.673454,-111.90562800000001,12.805
40.673557,-112.00554699999999,3.426
40.673592,-111.86564399999999,86.923
40.673778999999996,-111.967421,7.962000000000001
40.673811,-111.84156899999999,26.195
40.673866,-111.82461299999999,15.398999999999997
40.673988,-111.91376299999999,8.196
40.673991,-111.940513,35.876
40.674056,-111.948365,33.833
40.674071000000005,-111.94064399999999,52.318
40.674123,-111.940279,87.943
40.674139000000004,-111.82395600000001,3.255
40.674172,-111.93872900000001,38.189
40.674174,-111.864756,122.08500000000001
40.674183,-111.940649,31.02499999999999
40.674198,-111.854954,138.066
40.674209999999995,-111.88479,31.068
40.674219,-111.88773799999998,10.765
40.674234999999996,-111.87635900000001,16.537
40.674239,-111.860201,31.068
40.674245,-111.873875,32.147
40.674347999999995,-111.86073700000001,2.407
40.674391,-111.854776,7.041
40.674403000000005,-111.85715900000001,3.048
40.674406,-111.86612,10.075
40.67442,-111.88288,30.826
40.674428999999996,-111.879628,19.383
40.674434999999995,-111.87676699999999,6.17
40.674448999999996,-111.87231200000001,4.815
40.674463,-111.889323,54.528999999999996
40.674518,-111.94249099999999,50.04599999999999
40.674711,-111.87166299999998,2.315
40.674713,-111.90614099999999,4.333
40.674757,-111.80107199999999,29.079
40.674768,-111.87704699999999,22.427999999999997
40.674781,-111.801245,8.446
40.674787,-111.805073,1.301
40.674812,-111.871277,4.333
40.674834999999995,-111.88811000000001,44.735
40.674859000000005,-111.94313400000001,68.965
40.674931,-112.02457199999999,2.545
40.674972,-111.876934,13.364
40.675082,-111.85423999999999,2.545
40.675162,-111.94620900000001,7.872999999999999
40.675191,-111.80993799999999,5.445
40.675209,-111.81462900000001,2.315
40.675211,-112.024869,6.709
40.675257,-111.946335,25.784999999999997
40.675398,-111.81566399999998,2.061
40.675439000000004,-111.888494,4.917
40.675596999999996,-111.865457,27.391000000000002
40.675638,-112.00572700000001,5.751
40.67577,-111.939026,10.308
40.676202,-111.842381,8.374
40.676653,-111.85423300000001,11.168
40.676882,-111.891177,7.354
40.677065,-112.02458999999999,76.87
40.677453,-111.89391499999999,39.203
40.678015,-111.939047,1.7719999999999998
40.678174,-111.799301,5.007
40.678453000000005,-111.865454,3.6510000000000002
40.679373999999996,-111.939045,23.023000000000003
40.679419,-111.98668300000001,2.6630000000000003
40.679638,-111.85400800000001,5.112
40.679778999999996,-111.87695,1.883
40.679907,-111.888107,10.876
40.679971,-111.84301799999999,15.296
40.6804,-111.87706200000001,6.308
40.680451,-111.888475,3.862
40.680659000000006,-111.938771,22.935
40.680989000000004,-112.02492600000001,89.124
40.681191,-111.939051,77.063
40.681505,-111.94851299999999,9.417
40.681545,-112.005798,0.16399999999999998
40.681614,-111.986705,12.436
40.681715999999994,-111.967651,0.9279999999999999
40.681976,-112.004883,1.0759999999999998
40.681998,-111.97862099999999,11.418000000000001
40.682006,-111.976506,6.872000000000001
40.682009,-111.938207,5.401
40.682087,-111.938277,9.677
40.682112,-112.003351,2.173
40.682113,-112.00635600000001,2.419
40.682117,-112.01043999999999,3.6439999999999997
40.682232,-111.973871,15.822000000000001
40.682831,-111.98653700000001,7.646
40.682982,-112.005781,5.704
40.683064,-111.967601,3.2119999999999997
40.683201000000004,-111.93484199999999,23.490000000000002
40.683639,-111.876931,13.364
40.683818,-111.865447,13.463
40.683935999999996,-111.986524,10.69
40.684103,-111.86563999999998,7.5889999999999995
40.684540999999996,-111.92894299999999,43.851
40.684573,-111.854,32.759
40.684824,-111.967611,13.167
40.685047,-111.939051,25.738000000000003
40.68515,-111.876953,9.254
40.685215,-112.26678000000001,5.284
40.685423,-111.795914,4.824999999999999
40.685527,-111.87706899999999,14.708
40.685598,-111.86543999999999,13.463
40.685974,-111.854234,2.9010000000000002
40.685974,-111.85423,3.517
40.686189,-111.865641,126.186
40.686391,-111.888462,55.433
40.686414,-111.88808799999998,14.897
40.686559,-111.824621,10.758
40.686613,-111.877119,84.05300000000001
40.686624,-111.87696000000001,28.966
40.686628999999996,-111.87160800000001,6.757000000000001
40.686654,-111.84505800000001,16.929000000000002
40.686887,-111.893151,8.261000000000001
40.686902,-111.907087,14.041999999999998
40.686902,-111.890336,19.967000000000002
40.686909,-111.910202,15.718
40.686915,-111.915029,7.234
40.686935,-111.80094199999999,79.99199999999999
40.686941999999995,-111.859315,24.728
40.68695,-111.86462399999999,68.322
40.686955,-111.87061299999999,12.084
40.686958000000004,-111.856951,13.514000000000001
40.686972999999995,-111.81225500000001,12.179
40.686974,-111.887511,36.471000000000004
40.686988,-111.876728,30.418
40.686991,-111.873997,12.179
40.686992,-111.883004,2.03
40.686992,-111.880144,4.13
40.687003999999995,-111.853536,42.158
40.687009,-111.824069,57.19
40.687013,-111.826641,2.4219999999999997
40.687016,-111.848547,8.543
40.687024,-111.846208,16.38
40.687096999999994,-111.866122,12.348
40.687104999999995,-111.89279099999999,2.945
40.687112,-111.889025,54.681
40.687126,-111.86028600000002,4.946000000000001
40.687131,-111.911771,18.027
40.687131,-111.87204299999999,26.716
40.687139,-111.876671,5.978
40.687146999999996,-111.863165,12.95
40.687146999999996,-111.85481999999999,6.475
40.687152000000005,-111.885375,15.895
40.687154,-111.86858899999999,4.1819999999999995
40.687156,-111.87976200000001,12.95
40.687165,-111.823214,2.989
40.687183000000005,-111.845872,18.985
40.687315000000005,-111.79688600000001,98.715
40.687458,-111.938778,57.165
40.687489,-111.796802,24.421
40.687513,-111.82436299999999,2.945
40.687554,-111.85401,7.668
40.687607,-111.79658700000002,80.8
40.687616999999996,-111.86544099999999,34.602999999999994
40.687684999999995,-111.796878,68.529
40.687691,-111.93905600000001,1.7719999999999998
40.687779,-111.796627,34.647999999999996
40.687878999999995,-111.876927,15.672
40.687991,-111.871177,2.3930000000000002
40.688136,-111.94838100000001,8.824
40.688206,-111.896644,9.417
40.688362,-111.84565800000001,5.822
40.688383,-111.896689,4.412
40.688734000000004,-111.865627,13.073
40.688755,-111.845625,14.559000000000001
40.689367,-111.950502,5.345
40.689492,-111.950496,3.0639999999999996
40.689502000000005,-111.888466,28.980999999999998
40.689791,-111.96761299999999,4.412
40.689972,-111.86560700000001,15.355
40.69017,-111.877059,10.543000000000001
40.690431,-111.938758,40.331
40.690437,-111.95785900000001,68.365
40.690774,-111.865412,2.17
40.690774,-111.847078,16.567
40.691621999999995,-111.91219299999999,6.739
40.691747,-111.912152,9.893
40.691967,-111.958133,8.802
40.691975,-111.98654199999999,2.5780000000000003
40.692028,-111.967621,16.985
40.692233,-111.888089,10.164
40.692546,-112.005788,5.704
40.692588,-111.967471,46.561
40.692609999999995,-111.888475,80.249
40.69267,-111.865403,13.463
40.69271,-111.87703799999998,29.769000000000005
40.692875,-111.965492,20.922
40.692875,-111.963521,18.189
40.693007,-111.972995,8.15
40.693015,-111.968158,9.491999999999999
40.693118,-111.865576,6.944
40.693149,-111.960605,21.722
40.693228999999995,-111.939073,23.541
40.693234999999994,-111.960223,6.485
40.693284000000006,-111.959994,68.32799999999999
40.693301,-111.960605,92.74199999999998
40.693304,-111.85418899999999,11.168
40.693358,-111.96035800000001,46.32300000000001
40.693394,-111.96023000000001,225.59900000000007
40.693438,-111.960025,35.519
40.693515000000005,-111.96061100000001,284.159
40.693606,-111.916991,9.777999999999999
40.693661,-111.977154,8.12
40.693664,-111.960099,158.718
40.693684999999995,-111.916844,8.577
40.693778,-111.960509,6.885
40.693837,-111.938763,20.216
40.693909999999995,-111.95778899999999,34.867999999999995
40.694458000000004,-111.888475,56.59700000000001
40.694922999999996,-111.86540900000001,13.463
40.695318,-111.938774,8.887
40.695533000000005,-111.98654499999999,65.083
40.695603000000006,-111.87702900000001,9.892000000000001
40.695812,-111.939077,29.441000000000003
40.695890999999996,-111.986732,6.485
40.695937,-112.02498200000001,33.133
40.696121000000005,-111.967666,17.87
40.696323,-111.916843,4.288
40.696371,-112.075355,12.011
40.696372,-112.085577,41.428999999999995
40.696377000000005,-112.08993500000001,5.449
40.696405,-112.080022,12.011
40.696406,-112.082761,8.948
40.696452,-112.043027,8.948
40.696456,-111.97603400000001,16.998
40.696481,-112.023298,18.892
40.696494,-112.004686,3.228
40.696502,-111.943836,6.544
40.696503,-111.985301,3.8670000000000004
40.696508,-111.972751,15.832
40.696508,-111.937859,79.84
40.696542,-111.98994099999999,8.314
40.696573,-112.06831100000001,15.832
40.696578,-112.064573,21.56
40.696587,-112.05978300000001,7.916
40.696603,-112.05095700000001,1.2890000000000001
40.696611,-112.082856,2.311
40.696616,-112.03501599999998,2.818
40.696619,-112.09081499999999,36.326
40.696633,-112.053202,2.818
40.696634,-111.888472,37.405
40.696635,-112.01119399999999,11.265
40.696637,-112.025773,4.876
40.696659000000004,-112.00641200000001,29.815
40.696672,-111.99906200000001,1.3159999999999998
40.696672,-111.995989,49.982
40.69673,-111.985846,1.3159999999999998
40.696739,-111.97846399999999,5.994
40.696740999999996,-111.94325800000001,15.774000000000001
40.696749,-111.939559,46.449
40.696766,-111.96860500000001,15.741
40.696773,-111.94561100000001,13.761000000000001
40.697165000000005,-111.93878400000001,79.38399999999997
40.697199,-112.02471100000001,7.616
40.697459,-111.97718799999998,18.892
40.697576,-111.84981100000002,4.829
40.697648,-112.091691,6.962999999999999
40.697683000000005,-111.865404,3.845
40.697897999999995,-111.876899,6.638999999999999
40.697975,-111.877001,12.616
40.698308000000004,-111.93193799999999,1.0759999999999998
40.698606,-111.93909199999999,32.605000000000004
40.698775,-111.93879199999999,8.616
40.699053,-111.865582,57.211
40.699087,-111.87698200000001,30.209
40.699169,-111.850597,38.499
40.699296000000004,-111.888473,122.37300000000002
40.699323,-111.926041,1.713
40.699421,-111.871541,0.83
40.699537,-111.918373,4.422
40.699540999999996,-111.853877,25.472
40.699671,-111.89336399999999,4.364
40.699696,-111.794546,5.688
40.699723999999996,-111.807846,4.946000000000001
40.699725,-111.80498100000001,45.832
40.699726,-111.797976,11.532
40.699738,-111.80976499999998,3.855
40.699740999999996,-111.812075,5.096
40.699771000000005,-111.887299,28.844
40.699781,-111.882912,28.639000000000003
40.699784,-111.82273799999999,17.253999999999998
40.699789,-111.827288,15.786999999999999
40.699791,-111.833697,64.242
40.699791999999995,-111.83076100000001,24.185000000000002
40.699794,-111.877394,16.242
40.699802000000005,-111.864342,16.947000000000003
40.699803,-111.86276200000002,12.983
40.699803,-111.82503799999999,48.169000000000004
40.699811,-111.868527,6.106
40.699822,-111.837488,6.638999999999999
40.699836,-111.856779,3.053
40.699838,-111.849929,48.58700000000001
40.699841,-111.85427800000001,3.053
40.699919,-111.893528,11.56
40.699919,-111.890891,23.12
40.699921,-111.88951599999999,57.859
40.699936,-111.88209599999999,30.124000000000002
40.699940999999995,-111.82529299999999,2.439
40.699945,-111.88492099999999,17.248
40.699946000000004,-111.87958700000001,7.189
40.699951,-111.868125,4.063
40.699958,-111.876572,28.315
40.699958,-111.83288799999998,4.063
40.699961,-111.873451,11.468
40.699965999999996,-111.870674,12.370000000000001
40.699971000000005,-111.80039599999999,3.39
40.699971999999995,-111.804647,3.595
40.699977000000004,-111.865081,29.999
40.699993,-111.85678600000001,3.595
40.700002000000005,-111.853723,20.274
40.700015,-111.851345,11.907
40.700041,-111.843278,17.951999999999998
40.700283,-111.87688700000001,12.864
40.700348999999996,-111.86536799999999,52.742000000000004
40.700413,-111.88808799999998,85.884
40.700586,-111.897107,4.888999999999999
40.700671,-111.850885,20.752000000000002
40.700773999999996,-111.897112,17.154
40.701765,-111.865553,12.258
40.701972,-111.876995,7.354
40.702841,-111.93880700000001,20.689
40.702954999999996,-111.939118,7.386
40.702981,-111.85196499999999,16.377
40.703002000000005,-111.855231,26.273
40.703089,-111.865403,12.011
40.703329,-111.899597,3.524
40.703451,-112.005847,3.3939999999999997
40.703641,-111.888478,61.611999999999995
40.703671,-112.099129,25.937
40.703697999999996,-112.101576,8.802
40.703829,-111.98541399999999,11.871
40.703829,-111.97624099999999,8.714
40.703831,-111.96009099999999,27.24
40.703988,-111.99008500000001,3.3939999999999997
40.703994,-111.959876,7.263999999999999
40.703996000000004,-111.976234,2.217
40.704003,-111.98503500000001,2.852
40.704086,-111.88808799999998,34.99
40.70417,-111.87699099999999,7.354
40.704390999999994,-111.977005,3.3939999999999997
40.704602,-111.87686399999998,13.364
40.704634999999996,-112.09173600000001,9.992
40.705278,-111.852805,7.648
40.705443,-111.852636,4.829
40.705583000000004,-111.855473,12.874
40.705995,-111.865559,6.944
40.706152,-111.888085,5.234
40.706534000000005,-111.888452,10.181000000000001
40.707263,-111.834174,7.255
40.707291,-111.853471,11.835
40.707693,-111.853424,10.148
40.707772999999996,-111.938801,33.822
40.708009999999994,-111.865554,20.017
40.70803,-111.85553,7.07
40.708108,-111.939047,7.386
40.708911,-112.09173100000001,6.934
40.709362,-111.85424599999999,16.672
40.709753000000006,-111.865394,9.097999999999999
40.710826000000004,-111.88817399999999,24.814999999999998
40.711126,-112.02628,7.9110000000000005
40.711131,-112.101634,5.564
40.711166,-112.097059,29.498
40.711346999999996,-111.854982,7.07
40.711495,-111.977038,3.99
40.712005,-112.107073,19.003
40.712128,-111.876979,24.165
40.712296,-111.865548,25.331
40.712309000000005,-111.88846699999999,40.826
40.712342,-111.865393,7.69
40.712348,-111.834154,24.735
40.712465,-111.853279,12.598
40.713231,-111.85560100000001,7.07
40.713388,-111.93911499999999,15.225999999999999
40.713646999999995,-111.85363600000001,36.958
40.713838,-111.86536699999999,21.237000000000002
40.714384,-111.865532,13.684999999999999
40.714532,-111.97707700000001,4.247
40.715061,-111.977286,16.588
40.715309000000005,-111.87694599999999,13.405
40.715749,-111.856229,19.944000000000003
40.715782,-111.87680900000001,4.455
40.715963,-111.865521,6.129
40.716735,-111.938826,15.09
40.716749,-111.88807299999999,11.472000000000001
40.716961,-111.97729199999999,22.541
40.717095,-111.842169,13.35
40.717189000000005,-111.87693600000001,11.436
40.717607,-111.93913300000001,46.456
40.718030999999996,-111.853822,3.39
40.718275,-111.97706799999999,4.663
40.718405,-111.983197,3.325
40.719297,-111.888072,8.879
40.720197,-111.977299,5.327000000000001
40.720365,-111.876928,12.616
40.720431,-111.938906,19.354
40.720886,-111.865473,13.073
40.720889,-111.811571,28.810999999999996
40.720925,-111.857926,2.782
40.721592,-111.888426,36.299
40.721602000000004,-111.811741,2.983
40.721905,-111.812322,24.064
40.722189,-111.87677099999999,4.455
40.722432,-111.865299,18.195999999999998
40.723064,-111.86545100000001,13.718
40.723667999999996,-111.54682700000001,72.83
40.723773,-111.853574,17.838
40.723984,-111.89706699999999,37.71
40.724134,-111.85958400000001,28.892
40.724196,-111.977108,16.252000000000002
40.724339,-111.88842700000001,22.505000000000003
40.724701,-111.865444,37.465
40.724747,-111.876755,85.06800000000001
40.724804,-111.85954699999999,26.898
40.724849,-111.89743,3.987
40.725049,-111.86528200000001,112.16399999999999
40.725152,-111.87688700000001,35.059
40.725289000000004,-111.842106,2.4219999999999997
40.725311,-111.854826,2.9589999999999996
40.72533,-111.86573700000001,47.080999999999996
40.725336999999996,-111.86846299999999,3.677
40.725344,-111.86284199999999,17.275
40.725363,-111.843268,8.206
40.725432,-111.83413300000001,17.479
40.725449,-111.86034,33.427
40.725483000000004,-111.85510500000001,19.095
40.725491,-111.862284,17.906
40.725497999999995,-111.864907,20.622
40.725511,-111.86786000000001,22.793
40.725515,-111.89449599999999,36.906
40.725515,-111.885227,67.242
40.725518,-111.89226799999999,14.974
40.725522999999995,-111.870819,19.314
40.725527,-111.879428,14.974
40.725528000000004,-111.88226499999999,4.34
40.725532,-111.873599,42.107
40.725533,-111.853403,7.235
40.725545000000004,-111.87755800000001,15.575
40.725547,-111.88906100000001,98.497
40.725568,-111.83396299999998,18.467
40.725572,-111.83965400000001,13.644
40.725572,-111.836211,15.326
40.725587,-111.84281299999999,36.934
40.725679,-111.87141399999999,8.358
40.725715,-111.85396100000001,6.781000000000001
40.725738,-111.851272,16.711
40.725869,-111.888048,34.858
40.725965,-111.84551200000001,10.503
40.725977,-111.84776399999998,13.644
40.72599,-111.933402,16.002000000000002
40.725992,-111.851349,15.326
40.726042,-111.936176,10.411999999999999
40.726647,-111.81559299999999,3.987
40.727062,-111.86531699999999,4.502
40.727137,-111.938837,33.857
40.727352,-111.876843,6.308
40.727474,-111.86541499999998,16.284000000000002
40.727497,-111.830744,7.193999999999999
40.727713,-111.83089,43.042
40.727787,-111.91676100000001,11.931
40.727841,-111.85971699999999,14.14
40.728169,-111.88802700000001,3.3739999999999997
40.728446000000005,-111.888429,47.162
40.728968,-111.859692,7.07
40.729025,-111.83073700000001,24.487000000000002
40.729058,-111.876823,11.76
40.729102000000005,-111.859601,10.813
40.729172,-111.968104,16.97
40.729319,-111.83088300000001,13.644
40.730127,-111.939219,24.142
40.730529,-111.93885900000001,5.636
40.730831,-111.985078,13.780000000000001
40.730831,-111.975043,4.247
40.730835,-111.98282900000001,15.93
40.730865,-111.83086899999999,4.823
40.730940999999994,-111.98541399999999,7.033000000000001
40.731065,-111.83072299999999,16.711
40.731095,-111.818246,1.869
40.731132,-111.899801,13.129000000000001
40.731349,-111.88803100000001,25.979
40.731451,-111.84233700000001,6.095
40.731687,-111.865402,19.625
40.731693,-111.876751,5.38
40.731725,-111.85390100000001,7.648
40.731728000000004,-111.853774,8.845
40.731996,-111.859563,17.427
40.73255,-111.939217,49.867000000000004
40.732551,-112.02103100000001,12.155999999999999
40.732566,-112.01276399999999,6.516
40.732591,-112.001101,6.077999999999999
40.732603000000005,-112.006348,3.99
40.732651000000004,-111.95813100000001,23.329
40.732675,-111.888429,160.216
40.732688,-111.85973200000001,4.4510000000000005
40.732785,-111.95791200000001,3.6010000000000004
40.733005,-111.85389599999999,21.936
40.733049,-111.953727,7.153
40.733051,-111.947231,11.970999999999998
40.733160999999996,-111.820167,18.207
40.733230999999996,-111.94686499999999,2.03
40.733230999999996,-111.944341,20.511
40.733241,-111.87686699999999,46.954
40.733247,-111.83086399999999,18.467
40.733319,-111.842201,8.127
40.733412,-111.89134299999999,5.103
40.733445,-111.864818,8.124
40.733446,-111.93885700000001,27.123
40.733464,-111.84828,11.961
40.73355,-111.853501,21.31
40.733559,-111.87634399999999,65.80600000000001
40.733561,-111.871968,13.129000000000001
40.73357,-111.887831,6.9639999999999995
40.733576,-111.858916,13.129000000000001
40.733581,-111.86573500000002,8.401
40.733583,-111.893685,59.066
40.733833000000004,-111.87675300000001,10.383
40.733934999999995,-111.865439,45.859
40.734177,-111.85955700000001,34.854
40.734865,-111.93885800000001,15.09
40.735361,-111.888029,39.103
40.735439,-111.85375400000001,4.138
40.735440000000004,-111.848047,8.075
40.735458,-111.939233,24.142
40.735765,-111.853871,7.648
40.735813,-111.83086899999999,33.793
40.735877,-111.865278,15.877000000000002
40.736554,-111.87695500000001,30.767
40.736653000000004,-111.876747,12.290999999999999
40.737001,-111.88804099999999,1.003
40.737209,-111.83085,26.734
40.737578000000006,-111.93880700000001,5.564
40.738131,-111.83658600000001,5.107
40.739124,-111.888424,88.6
40.739154,-111.853897,22.802999999999997
40.739652,-111.88803,23.536
40.739731,-111.830863,15.326
40.740369,-111.92749099999999,8.161
40.740421999999995,-111.937983,1.224
40.74046,-111.916284,5.921
40.740541,-111.927397,84.342
40.740563,-111.826572,40.326
40.740587,-111.91906499999999,6.516
40.740866,-111.853936,8.729
40.740898,-111.85969899999999,43.644
40.741046000000004,-111.87688200000001,38.143
40.741064,-111.938854,75.368
40.741239,-111.83085700000001,15.326
40.741446,-111.912195,42.659
40.741483,-111.87676,5.892
40.741498,-111.901974,58.499
40.741766999999996,-111.93920800000001,6.077999999999999
40.741797999999996,-111.865425,16.284000000000002
40.741985,-111.88803500000002,25.979
40.7421,-111.83068200000001,9.363999999999999
40.742128,-111.865275,23.617
40.742151,-111.928899,34.998000000000005
40.742196,-111.859524,13.675
40.742199,-111.836582,5.107
40.743508,-111.88786,9.226
40.743868,-111.829401,14.352
40.743944,-111.83081999999999,10.503
40.744023,-111.85967,19.944000000000003
40.744175,-111.88804099999999,38.16
40.744527000000005,-111.888419,14.893
40.744683,-111.916751,10.308
40.744854,-111.87673500000001,14.568
40.744985,-111.876851,35.237
40.74522,-111.86528100000001,4.502
40.745875,-111.85396399999999,6.781000000000001
40.745989,-111.85380500000001,9.657
40.746383,-111.876718,6.145
40.746551000000004,-111.88841799999999,24.479999999999997
40.746584999999996,-111.876818,23.304000000000002
40.746677000000005,-111.88804099999999,30.391
40.747271000000005,-111.89972399999999,36.902
40.747388,-111.848056,8.075
40.747529,-111.830754,10.385
40.747572,-111.859466,17.857999999999997
40.747904,-111.865279,8.31
40.747954,-111.93885900000001,9.677
40.748174,-111.865398,16.284000000000002
40.748213,-111.916747,11.931
40.748891,-111.830757,15.908999999999999
40.749433,-111.888419,6.516
40.749496,-111.86545100000001,88.131
40.749576,-111.86525400000001,45.266
40.749678,-111.887524,21.78
40.749691,-111.87421100000002,21.78
40.749704,-111.884949,3.8080000000000003
40.749708,-111.87706299999999,7.354
40.749708,-111.865959,16.976
40.749711,-111.862641,21.78
40.749713,-111.85687,1.391
40.749746,-111.845748,36.507
40.749833,-111.897489,24.826999999999998
40.749860999999996,-111.885065,44.230000000000004
40.749860999999996,-111.879401,111.45400000000001
40.749865,-111.859223,8.031
40.749867,-111.88221100000001,27.945999999999998
40.749871,-111.862172,16.063
40.749936,-111.86507900000001,17.253999999999998
40.750040000000006,-111.854,17.466
40.750221,-111.876695,25.075
40.750295,-111.87688700000001,37.97
40.750374,-111.853784,6.22
40.750448,-111.84526299999999,33.331
40.75059,-111.888047,30.862
40.750681,-111.829702,4.836
40.751041,-111.92941699999999,33.983999999999995
40.751272,-111.826559,13.091999999999999
40.751697,-111.916706,4.6
40.751739,-111.86523500000001,4.502
40.751742,-111.87671100000001,40.448
40.752178,-111.854009,28.311
40.752235999999996,-111.876883,11.717
40.752287,-111.88803500000002,17.015
40.752297,-111.82678100000001,24.96
40.753038000000004,-111.81493799999998,30.46
40.753304,-111.928078,54.417
40.75373,-111.88841599999999,6.893
40.753762,-111.87689099999999,11.76
40.753782,-111.88888999999999,8.763
40.75391,-111.865257,8.261000000000001
40.754013,-111.914344,4.891
40.754336,-111.86543200000001,5.103
40.75442,-111.853999,7.07
40.754456,-111.88803100000001,131.836
40.754513,-111.859518,26.535000000000004
40.754651,-111.83355900000001,65.904
40.754706,-111.859711,7.648
40.755514,-111.572401,14.924000000000001
40.755656,-111.833947,54.388999999999996
40.755902,-111.938892,30.156
40.755932,-111.916931,15.0
40.755959000000004,-111.876876,11.76
40.756089,-111.86526,32.18
40.756471999999995,-111.85970900000001,14.429
40.756506,-111.835182,27.300999999999995
40.75653,-111.86543600000002,22.442
40.756735,-111.91673300000001,9.2
40.756803000000005,-111.845492,8.075
40.756840999999994,-111.824524,16.402
40.756915,-111.845244,3.987
40.757244,-111.939159,38.9
40.757397999999995,-111.85404799999999,35.381
40.757785,-111.85370900000001,6.853
40.758249,-111.88803899999999,32.356
40.758294,-111.865256,39.627
40.758311,-111.86004799999999,28.533
40.758337,-111.929452,59.515
40.758393,-111.841752,22.078000000000003
40.758612,-111.934348,6.167999999999999
40.758645,-111.859302,10.734000000000002
40.758693,-111.842817,24.451999999999998
40.758814,-111.865427,34.678
40.758913,-111.854078,1.345
40.759107,-111.93894099999999,241.893
40.759314,-111.84122099999999,367.82000000000005
40.75951,-111.841497,12.29
40.759521,-111.828726,4.829
40.759914,-111.83468799999999,17.305
40.759962,-111.876884,11.717
40.76001,-111.88842199999999,48.986000000000004
40.7601,-111.87671,57.124
40.760119,-111.86544199999999,30.584
40.760138,-111.846654,151.651
40.760196,-111.84678999999998,5.38
40.760255,-111.916729,11.75
40.760419,-111.853755,27.871
40.76048,-111.884818,24.628999999999998
40.760488,-111.87601699999999,34.682
40.760503,-111.89601100000002,8.163
40.760508,-111.899082,27.430999999999997
40.760515000000005,-111.846792,76.17099999999999
40.760546000000005,-111.851398,90.16
40.76056,-111.93828899999998,31.884999999999998
40.760571999999996,-111.92968400000001,8.378
40.76073,-111.851183,10.457
40.760771999999996,-111.917239,6.167999999999999
40.760773,-111.919362,17.964
40.760785,-111.896495,15.209999999999999
40.760791999999995,-111.89187199999999,1.758
40.760812,-111.884511,52.79299999999999
40.760812,-111.88451,2.024
40.760834,-111.838228,57.85000000000001
40.760837,-111.875584,51.702
40.760846,-111.864236,0.8959999999999999
40.760849,-111.870171,39.139
40.760958,-111.852451,30.904
40.761078000000005,-111.86518600000001,32.894000000000005
40.761126000000004,-111.939181,40.897999999999996
40.761283,-111.82700600000001,0.72
40.761295000000004,-111.852267,121.59099999999998
40.761412,-111.888079,116.85300000000001
40.762043,-111.88844399999999,62.157
40.762440999999995,-111.902371,107.264
40.762627,-111.893791,8.163
40.763051000000004,-111.87688899999999,11.76
40.763076,-111.90911399999999,77.637
40.76312,-111.83572099999999,12.309
40.763208,-111.86520300000001,21.073
40.763445000000004,-111.885236,11.445
40.763531,-111.90888000000001,3.824
40.763549,-111.888144,96.775
40.763678000000006,-111.90978799999999,334.26300000000003
40.763796,-111.88835900000001,65.73
40.764187,-111.865458,12.235999999999999
40.764247999999995,-111.852268,55.56400000000001
40.764348,-111.84486100000001,385.126
40.764553,-111.85241200000002,91.30199999999999
40.764614,-111.86521699999999,12.448
40.764869,-111.894645,3.4619999999999997
40.76487,-111.891492,172.19000000000003
40.764879,-111.887523,21.967
40.764879,-111.885663,28.348
40.764882,-111.89713799999998,4.916
40.764886,-111.88280800000001,101.661
40.764901,-111.90891699999999,46.602
40.764905999999996,-111.87709299999999,27.675
40.764907,-111.87428,48.33200000000001
40.764909,-111.87898899999999,11.717
40.764915,-111.865054,114.274
40.764924,-111.87012299999999,45.075
40.764925,-111.85993500000001,38.936
40.764926,-111.867675,48.188
40.764932,-111.862206,33.229
40.764946,-111.898927,32.158
40.764959999999995,-111.854207,20.252000000000002
40.765058,-111.85443000000001,22.201
40.765107,-111.887892,312.4919999999999
40.765108000000005,-111.873632,23.353
40.765111,-111.89209699999999,295.218
40.765114000000004,-111.89527,22.878
40.765114000000004,-111.879374,62.101000000000006
40.765116,-111.900259,206.43099999999998
40.765116,-111.90025,4.256
40.76512,-111.897682,25.997
40.76512,-111.87741799999999,87.30699999999999
40.765121,-111.86647099999999,50.888000000000005
40.765122,-111.885033,71.188
40.76513,-111.904673,115.80799999999998
40.765133,-111.870499,84.054
40.765137,-111.882205,61.818
40.765429,-111.90078000000001,5.645
40.765429,-111.89948600000001,51.464
40.765678,-111.85243500000001,135.287
40.765816,-111.85226000000002,48.784
40.76587,-111.888062,171.58800000000002
40.765909,-111.888373,188.843
40.766740999999996,-111.86546399999999,10.206
40.766806,-111.899901,29.25
40.766936,-111.84749199999999,356.92400000000004
40.767045,-111.887005,7.074
40.767189,-111.852172,15.494
40.76733,-111.84431599999999,32.745000000000005
40.767522,-111.84741299999999,94.769
40.76773,-111.86523899999999,20.103
40.768239,-111.88838899999999,58.696
40.768483,-111.865482,28.520000000000003
40.768715,-111.837144,0.72
40.769271,-111.881848,24.471999999999998
40.769281,-111.87048,16.166
40.769296000000004,-111.86480800000001,6.107999999999999
40.769413,-111.868873,24.584000000000003
40.769424,-111.88401,78.80600000000001
40.769425,-111.876465,82.99799999999999
40.769426,-111.88091899999999,29.296
40.769436999999996,-111.85771899999999,4.013999999999999
40.769556,-111.852426,15.127
40.769711,-111.89983500000001,20.962
40.769846,-111.89950900000001,25.591
40.770008000000004,-111.839202,54.963
40.770173,-111.839059,433.28199999999975
40.770221,-111.939079,44.07899999999999
40.770391,-111.888415,56.88100000000001
40.770486,-111.887173,6.909
40.770486,-111.884602,12.89
40.770518,-111.88266599999999,26.380000000000003
40.770728000000005,-111.93944099999999,15.139000000000001
40.770739,-111.865669,14.485999999999999
40.77135,-111.901699,46.852999999999994
40.771386,-111.944952,4.617
40.771412,-111.898568,105.59700000000001
40.771428,-111.890477,116.44300000000001
40.77159,-111.882002,11.895000000000001
40.771627,-111.896505,209.249
40.771634999999996,-111.899401,127.38799999999999
40.771653,-111.919416,8.513
40.771665999999996,-111.889348,181.84599999999995
40.771679,-111.93555,2.77
40.77169,-111.941097,11.042
40.771718,-111.946527,27.168
40.771921999999996,-111.89097,11.216999999999999
40.77193,-111.84046599999999,25.456
40.77215,-111.933123,134.99099999999999
40.772482000000004,-111.842451,112.18799999999999
40.772515999999996,-111.946955,11.042
40.772535,-111.837594,373.72800000000007
40.772549,-111.93911200000001,3.255
40.772873,-111.871214,96.25999999999999
40.77288,-111.87882900000001,11.95
40.772888,-111.88341499999999,23.325
40.772889,-111.886619,26.918
40.772892999999996,-111.840119,13.34
40.772896,-111.863721,24.214000000000002
40.772897,-111.875801,7.47
40.772901,-111.865352,5.975
40.773484,-111.91954799999999,13.665
40.773573,-112.006965,0.223
40.77385,-111.902395,73.482
40.77387,-111.88199399999999,4.6
40.773913,-111.908368,2.725
40.773924,-111.908161,7.484
40.773976,-111.939153,14.76
40.774009,-111.904983,36.647
40.774073,-111.89949399999999,17.633
40.774079,-111.8821,8.877
40.774099,-112.00469,4.183
40.774605,-111.90498400000001,23.448
40.774634000000006,-111.89101799999999,32.301
40.774837,-111.865646,15.203
40.775599,-111.933402,24.27
40.775788,-111.911441,7.176
40.775847,-111.94750900000001,5.521
40.776144,-111.92644299999999,0.363
40.776156,-111.86657199999999,9.281
40.776163000000004,-111.86869399999999,21.003
40.776181,-111.876521,22.75
40.776181,-111.874723,5.05
40.776272,-112.02396399999999,4.751
40.776276,-111.877311,10.238
40.776276,-111.868385,3.0439999999999996
40.776282,-111.871347,8.162
40.776293,-111.87433100000001,13.927
40.776351,-111.88210600000001,7.4670000000000005
40.777169,-111.88633600000001,31.725
40.777826,-111.94618200000001,12.095
40.777829,-111.85219,6.678999999999999
40.778103,-111.890371,27.854
40.778403000000004,-111.882002,8.162
40.778604,-111.877647,27.639
40.779598,-111.879916,21.307
40.779708,-111.877945,7.4670000000000005
40.779965999999995,-111.92836100000001,8.161
40.780281,-111.914405,8.3
40.780469000000004,-111.89990300000001,3.052
40.780494,-111.93233300000001,9.617
40.781676000000004,-111.863092,6.678999999999999
40.781774,-111.87750700000001,4.059
40.781825,-111.86667299999999,4.059
40.781855,-111.932348,5.687
40.781915999999995,-111.867379,6.678999999999999
40.782064,-111.916968,8.513
40.782325,-111.931771,8.285
40.782379,-111.94358799999999,6.511
40.782740999999994,-111.925573,12.677999999999999
40.782841,-111.871513,7.4670000000000005
40.782923,-111.874498,4.059
40.782939,-111.92546499999999,5.152
40.784091,-111.87168600000001,4.103
40.784298,-112.03011000000001,0.634
40.784651000000004,-111.94178400000001,11.042
40.784762,-111.899511,7.992000000000001
40.784946999999995,-111.939549,22.503
40.785003,-111.916743,16.6
40.785345,-111.939231,44.001
40.786287,-111.916963,15.363000000000001
40.787535,-111.925477,5.152
40.788855,-111.90012800000001,6.9639999999999995
40.788962,-111.939159,8.366
40.790979,-111.930467,16.6
40.791121999999994,-111.92151100000001,5.577999999999999
40.791123999999996,-111.929984,4.256
40.791125,-111.92735900000001,4.256
40.791134,-111.933535,5.152
40.791486,-111.93906499999999,6.511
40.792233,-111.92174299999999,5.645
40.793621,-111.934183,7.176
40.794754,-111.92190500000001,29.278
40.795027000000005,-111.922044,5.152
40.797185999999996,-111.92191299999999,4.258
40.797474,-111.925752,5.301
40.797816999999995,-111.928381,4.256
40.797822,-111.939618,118.85199999999999
40.801738,-111.95343700000001,0.634
40.805254,-111.917427,0.8859999999999999
40.805401,-111.916941,34.538000000000004
40.836597999999995,-111.913191,17.148000000000003
40.839395,-111.91163799999998,7.531000000000001
40.84126,-111.906248,102.208
40.841421000000004,-111.910559,7.709
40.844057,-111.90883600000001,4.996
40.848245,-111.940071,2.39
40.850689,-111.940229,2.39
40.851921000000004,-111.896217,7.531000000000001
40.85378,-111.90233799999999,15.162
40.853879,-111.938574,2.39
40.856254,-111.93858200000001,5.308
40.857805,-111.879504,4.996
40.857864,-111.89945800000001,1.8940000000000001
40.858691,-111.930012,2.39
40.859915,-111.938015,2.39
40.860353,-111.88704399999999,6.482
40.860844,-111.896997,30.918999999999997
40.861364,-111.896331,13.455000000000002
40.861381,-111.885672,13.32
40.861470000000004,-111.93390900000001,2.39
40.861698,-111.90853100000001,2.637
40.861957000000004,-111.899553,11.878
40.862134000000005,-111.89233700000001,8.099
40.862215,-111.89216699999999,30.733
40.862375,-111.885687,8.016
40.863138,-111.88093700000002,13.32
40.864478999999996,-111.892172,34.538000000000004
40.865190999999996,-111.85909099999999,2.498
40.865262,-111.87196899999999,9.992
40.867539,-111.855173,4.996
40.869316,-111.868637,4.996
40.869597,-111.889766,3.7910000000000004
40.870793,-111.889025,5.846
40.871009,-111.86754199999999,4.996
40.871406,-111.888323,7.581
40.871587,-111.876355,13.32
40.873251,-111.887048,11.692
40.875071000000005,-111.87481899999999,15.93
40.875223999999996,-111.901936,5.522
40.878747,-111.87323799999999,21.336
40.879787,-111.901899,6.445
40.880305,-111.903038,2.637
40.880903,-111.880692,29.982
40.882142,-111.88079599999999,6.3870000000000005
40.883902,-111.88078600000001,10.615
40.883951,-111.87246100000002,40.977000000000004
40.884576,-111.880582,7.581
40.886125,-111.880592,3.165
40.886804999999995,-111.868271,15.93
40.887269,-111.87198899999999,8.016
40.889216999999995,-111.880597,30.733
40.889465,-111.880806,3.5380000000000003
40.889887,-111.85647800000001,8.016
40.891271,-111.87247099999999,22.513
40.892299,-111.88553700000001,2.458
40.892623,-111.88082299999999,37.904
40.893651,-111.901951,5.522
40.897913,-111.87893600000001,22.816
40.900974,-111.87908,16.198
40.903148,-111.872302,15.93
40.904661,-111.87230600000001,13.32
40.906057000000004,-111.879131,12.773
40.908179,-111.87892099999999,34.524
40.912951,-111.872281,24.874000000000002
40.916109000000006,-111.872224,5.074
40.918359,-111.87889399999999,23.025
40.920821000000004,-111.879071,62.261
40.920887,-111.878895,31.750999999999998
40.924591,-111.879056,12.773
40.924737,-111.878877,6.3629999999999995
40.925755,-111.872666,9.232000000000001
40.931891,-111.87887099999999,7.581
40.933481,-111.87902700000001,9.232000000000001
40.935638,-111.878873,24.874000000000002
40.946206,-111.881469,5.431
40.969274,-111.88343200000001,9.232000000000001
40.970869,-111.883223,29.982
40.977309000000005,-111.883334,24.297
40.980469,-111.895468,24.58
40.980592,-111.892397,12.107000000000001
40.980624,-111.895971,8.446
40.982751,-111.896975,16.13
40.987685,-111.90531599999998,75.591
40.990285,-111.889734,0.956
40.998195,-111.898252,16.13
41.000446999999994,-111.90019099999999,5.431
41.009768,-111.909213,8.065
41.014692,-111.916339,4.308
41.016507,-111.918419,1.912
41.020031,-111.922716,14.739
41.020423,-111.906903,33.127
41.026656,-111.93058700000002,46.789
41.027112,-111.93150700000001,5.35
41.027546,-111.901424,9.232000000000001
41.027912,-111.92741399999998,6.247999999999999
41.029206,-111.93351200000001,6.247999999999999
41.029315000000004,-111.92316100000001,78.67
41.034146,-111.938783,5.484
41.038871,-111.939027,19.134999999999998
41.039777,-111.940301,6.247999999999999
41.040102000000005,-111.941142,14.974
41.040896999999994,-111.94368300000001,4.308
41.040928,-111.942801,4.803
41.040955,-111.911121,42.359
41.042239,-111.94728799999999,2.742
41.044271,-111.95025700000001,5.827000000000001
41.046406,-111.95338500000001,5.484
41.050548,-111.97016399999998,6.247999999999999
41.051598999999996,-111.967798,12.350999999999999
41.057196999999995,-111.965096,58.376000000000005
41.057294,-111.96520500000001,7.145
41.057308,-111.957788,5.484
41.057423,-111.957544,2.401
41.058546,-111.91073300000001,8.065
41.060032,-111.95878700000002,44.903999999999996
41.060233000000004,-111.964381,5.5889999999999995
41.060808,-111.944772,5.318
41.067997,-111.974065,5.907
41.070586999999996,-111.950322,17.255
41.070887,-111.976701,33.876
41.07097,-111.977209,71.15299999999999
41.074635,-111.970055,7.901
41.074831,-111.969277,28.33
41.074881,-111.98093100000001,3.59
41.07537,-111.981917,24.604
41.076603999999996,-111.98352299999999,2.154
41.076805,-111.983418,12.495999999999999
41.078921,-111.974571,139.39100000000002
41.079992,-111.97336899999999,5.358
41.080108,-111.988855,19.134999999999998
41.080152000000005,-111.97363200000001,14.224
41.081005,-111.99076699999999,10.161999999999999
41.081072,-111.97845600000001,6.348
41.082459,-111.97844199999999,6.766
41.083073999999996,-111.979796,8.446
41.083653000000005,-111.994694,14.739
41.083793,-111.98263899999999,16.582
41.083793,-111.973621,10.265
41.087783,-111.98411399999999,21.436
41.088094,-112.000243,5.484
41.088404,-112.000156,12.887
41.088986,-112.01686200000002,27.904
41.089098,-112.02701299999998,26.631
41.089109,-111.982468,21.096
41.089128,-111.98459199999999,4.585
41.0893,-111.98561000000001,16.582
41.089356,-112.06290200000001,14.629000000000001
41.090090999999994,-112.002232,26.842
41.090301000000004,-112.01848799999999,12.03
41.090395,-112.00212900000001,16.892
41.090461,-112.00192,8.099
41.090542,-112.01899099999999,8.39
41.090838,-112.006872,19.230999999999998
41.091038,-111.997253,22.607999999999997
41.091051,-111.997382,8.39
41.091319,-111.98771299999999,2.917
41.092223,-112.00398700000001,30.58
41.092546,-111.997254,13.078
41.092848,-111.91155800000001,18.464000000000002
41.092857,-112.00412299999999,26.579
41.093952,-112.012744,35.973
41.094103000000004,-112.012853,47.230999999999995
41.094202,-112.00629199999999,15.904
41.094255,-112.01298500000001,100.44600000000001
41.094390999999995,-112.01306799999999,24.381
41.094527,-112.01318799999999,71.30799999999999
41.094551,-112.006271,45.843999999999994
41.094769,-112.0138,15.985
41.095086,-112.0126,13.952
41.096911,-112.008994,76.01599999999999
41.097536,-112.02519699999999,10.548
41.097578999999996,-111.98758500000001,5.834
41.097611,-111.997192,2.154
41.098256,-112.009961,1.912
41.099715,-111.98636599999999,171.48400000000004
41.100696,-111.973271,20.71
41.101017999999996,-112.012693,5.5889999999999995
41.101396,-112.013411,5.35
41.101662,-111.988652,2.292
41.101971999999996,-111.99716200000002,98.605
41.102835999999996,-112.01483300000001,4.308
41.103439,-111.97790400000001,3.0
41.103514000000004,-112.011857,6.3870000000000005
41.104017999999996,-112.03053200000001,5.68
41.105194,-112.01730900000001,5.554
41.105845,-112.017679,14.739
41.107499,-112.01999099999999,7.487
41.110993,-112.023629,7.148
41.111453000000004,-112.023765,14.739
41.113712,-112.04538899999999,12.200999999999999
41.114492,-112.02583700000001,6.247999999999999
41.115519,-112.045355,2.154
41.116725,-112.045202,29.980999999999998
41.117614,-112.026211,13.641
41.118978999999996,-112.025922,8.446
41.121302,-112.06440400000001,16.923
41.122864,-112.045212,20.403
41.123785,-112.064678,1.008
41.124883000000004,-112.045397,19.230999999999998
41.125954,-112.025953,13.248999999999999
41.128834000000005,-111.91041100000001,47.09
41.131746,-112.04541200000001,9.17
41.136964,-112.045202,7.369
41.137085,-112.025906,16.09
41.137687,-112.06431299999998,25.97
41.137768,-112.026201,4.308
41.138591,-112.045341,12.975000000000001
41.139807,-112.02768600000002,21.431
41.139817,-112.034618,64.083
41.140349,-112.025912,7.369
41.140522,-112.064297,16.750999999999998
41.140563,-112.02618000000001,2.154
41.142657,-112.02591399999999,14.739
41.146322,-112.064357,3.766
41.147591,-112.025931,2.6
41.148091,-112.026253,24.701999999999998
41.150765,-111.934781,7.182
41.151375,-111.937541,6.331
41.152404,-111.936218,15.93
41.153524,-111.94250600000001,1.935
41.154931,-112.026174,22.119
41.158587,-111.93989499999999,4.866
41.158838,-112.064627,1.551
41.158903,-112.064393,3.766
41.159009000000005,-111.944547,33.384
41.159099,-112.025915,32.113
41.159461,-111.939596,9.661
41.159687,-112.028251,33.116
41.160838,-112.026199,52.888000000000005
41.161597,-112.053978,14.033
41.161995000000005,-112.06703799999998,0.555
41.162659000000005,-112.025904,11.774000000000001
41.162941,-112.064591,30.091
41.163344,-112.067994,17.625
41.164871000000005,-111.95305,7.593
41.165003999999996,-112.064333,4.689
41.165579,-112.02588700000001,22.101999999999997
41.165862,-111.956053,60.52799999999999
41.165946999999996,-111.96990600000001,38.62
41.166833000000004,-112.02620300000001,44.257999999999996
41.167083,-111.96802,11.529000000000002
41.168091,-111.96471799999999,3.4
41.171034999999996,-111.947551,5.431
41.171541,-112.025892,20.706
41.172205,-111.971676,10.78
41.172456,-111.97963500000002,4.654
41.172538,-111.97220700000001,7.372999999999999
41.174488000000004,-111.98298500000001,10.78
41.175257,-111.94945200000001,5.104
41.175569,-112.06433899999999,11.152999999999999
41.175659,-112.007421,17.888
41.176264,-111.983026,7.687
41.17695,-112.004427,8.748
41.177772999999995,-111.980411,18.467
41.177799,-111.982491,25.761000000000003
41.178024,-112.00070500000001,7.8
41.178074,-112.02606200000001,8.201
41.178437,-111.947701,1.935
41.178531,-112.000046,47.585
41.178554,-111.94906200000001,2.763
41.179148,-112.061908,0.956
41.179281,-111.949339,37.736000000000004
41.182316,-112.001475,7.245
41.182448,-112.00403500000002,13.37
41.182697,-112.009226,7.245
41.182701,-112.025793,14.666
41.182709,-112.02601899999999,29.785
41.182831,-111.950429,2.326
41.182837,-112.00930600000001,14.745999999999999
41.183408,-112.02672199999999,4.195
41.183439,-112.02407099999999,9.162
41.183501,-112.02951000000002,2.3569999999999998
41.183532,-112.024179,23.281999999999996
41.183927000000004,-112.02606499999999,4.713
41.184290999999995,-111.953152,73.18800000000002
41.185579,-111.98622399999999,7.245
41.185840999999996,-111.94918899999999,58.532
41.187692999999996,-112.02601200000001,7.07
41.188432,-112.025749,40.692
41.188448,-112.039351,4.713
41.189705,-111.94908400000001,9.664
41.189944,-111.981792,6.39
41.190016,-111.971319,25.701
41.190356,-111.98174099999999,33.001
41.191001,-111.97102199999999,28.885000000000005
41.191295000000004,-112.02571100000002,6.685
41.191612,-111.97130200000001,18.961
41.192014,-111.948298,60.609
41.192128000000004,-111.948531,36.507
41.192778000000004,-112.025701,5.194
41.193447,-111.97126499999999,40.385
41.193524,-111.97937900000001,27.791999999999998
41.193599,-111.979653,43.099000000000004
41.194733,-112.025709,5.194
41.194734000000004,-111.94486299999998,196.22299999999996
41.194764,-111.94611599999999,33.914
41.194872,-111.944926,191.44800000000004
41.194897,-111.94749399999999,80.654
41.194899,-111.939549,63.039
41.195311,-111.93990600000001,98.33399999999999
41.195617999999996,-111.971199,3.4
41.195733000000004,-111.97092099999999,11.655
41.197023,-111.979284,45.905
41.197287,-111.971179,50.067
41.197381,-111.979542,56.43299999999999
41.197435999999996,-111.947354,45.24
41.197615,-111.963445,35.196
41.197634,-111.947868,7.372999999999999
41.197634,-111.94786,6.246
41.197706,-111.96073600000001,14.745999999999999
41.197714000000005,-111.97022700000001,33.485
41.197724,-111.97307099999999,16.562
41.197889,-111.97199199999999,7.372999999999999
41.198184000000005,-111.970868,6.39
41.19934,-111.971115,17.58
41.199438,-111.971852,37.53
41.201305,-111.94884099999999,2.9019999999999997
41.202756,-111.970817,13.879000000000001
41.203072,-112.01159299999999,5.2410000000000005
41.203511999999996,-111.97096299999998,16.531
41.205602,-111.948449,27.602999999999998
41.205749,-111.97097099999999,42.263
41.206463,-111.97066299999999,34.44
41.207091999999996,-112.00636100000001,3.005
41.207613,-111.970924,43.482
41.208051,-111.94866699999999,8.807
41.208596,-111.97061200000002,37.931000000000004
41.209855,-111.949679,7.274
41.209896,-111.970872,55.68899999999999
41.209975,-111.95916499999998,27.569000000000003
41.210003,-111.949316,6.074
41.210073,-111.954303,6.011
41.210109,-111.942916,13.387
41.210147,-111.969874,2.154
41.210249,-111.965755,6.074
41.210627,-111.970576,10.548
41.210801000000004,-111.940572,13.825999999999999
41.211365,-112.006546,8.726
41.211693,-111.948572,33.939
41.211763,-111.97081599999999,2.813
41.212617,-111.97051499999999,63.9
41.213631,-111.97079099999999,46.647
41.213848,-111.948275,18.631000000000004
41.214206,-112.01246100000002,11.946
41.214551,-111.978508,6.011
41.214696,-111.970483,30.729000000000003
41.216001,-111.948227,14.940999999999999
41.216208,-111.970721,86.845
41.216484,-111.95950800000001,3.75
41.216739000000004,-111.97043500000001,41.760000000000005
41.218140999999996,-111.970684,90.522
41.218444,-111.948438,2.048
41.218469,-111.969702,20.080000000000002
41.218514,-111.972594,69.966
41.218579,-111.97663700000001,19.065
41.218619,-111.96938,27.219
41.218663,-111.97271699999999,99.736
41.218717,-111.976902,135.986
41.218837,-111.970357,10.548
41.219048,-111.97603600000001,4.145
41.219767,-112.00493999999999,59.717000000000006
41.220096000000005,-112.004044,9.162
41.220167,-111.95941,21.096
41.220294,-111.94863000000001,38.737
41.220299,-111.979041,13.353
41.220334,-111.96776799999999,67.259
41.220361,-111.95388700000001,19.065
41.220431,-111.95951000000001,127.436
41.220431,-111.948852,36.345
41.22057,-111.95908600000001,60.36
41.220652,-111.964647,9.977
41.220662,-111.974865,5.768
41.220737,-111.97170600000001,11.432
41.221071,-111.970371,32.114
41.221779,-111.975975,7.0169999999999995
41.222179,-111.94833799999999,30.464000000000002
41.222359000000004,-111.97061699999999,37.909000000000006
41.222996,-111.996889,3.4
41.22314,-111.97969099999999,26.192000000000004
41.223196,-111.97024499999999,42.312999999999995
41.223273,-111.979752,87.861
41.223445,-111.97981100000001,98.137
41.223477,-111.97963100000001,59.682
41.223662,-111.979693,16.877
41.22367,-111.979479,2.056
41.223676,-111.97990300000001,18.345
41.223851,-111.979727,5.6739999999999995
41.224037,-111.979782,172.65999999999997
41.224081,-111.97997099999999,133.09399999999997
41.224309000000005,-111.959345,18.427
41.224346999999995,-111.97056599999999,30.044999999999998
41.224492,-111.98073000000001,28.102000000000004
41.224891,-111.97628799999998,9.267000000000001
41.225034,-111.97138100000001,5.627000000000001
41.225133,-111.967467,7.728
41.225194,-111.97023100000001,23.651999999999997
41.225279,-111.96765900000001,17.496
41.226238,-111.97052099999999,87.203
41.227051,-111.97376899999999,43.195
41.227301000000004,-111.970165,12.335999999999999
41.228076,-111.978858,19.634
41.228597,-112.02446499999999,2.9160000000000004
41.228696,-111.978551,18.345
41.228730999999996,-111.959057,29.998
41.228895,-112.02171799999999,6.081
41.229141999999996,-111.972784,3.4
41.229395000000004,-111.97010300000001,8.29
41.229483,-112.00708700000001,7.039
41.230559,-111.978495,6.011
41.230785,-111.970432,5.407
41.231299,-111.979628,2.032
41.231608,-111.97006499999999,26.764
41.232298,-111.970394,30.395999999999997
41.233046,-111.978756,5.407
41.234182000000004,-111.97000200000001,6.9399999999999995
41.235578000000004,-111.955404,12.142999999999999
41.236056,-111.97867600000001,14.776
41.236268,-111.97030900000001,4.861000000000001
41.236344,-111.979701,47.81
41.237043,-111.96993300000001,21.529999999999998
41.239154,-111.969877,36.579
41.239338000000004,-111.97023100000001,47.337999999999994
41.243253,-111.969802,2.763
41.244019,-111.970132,30.035
41.244397,-111.998447,4.145
41.244425,-111.98406100000001,21.298000000000002
41.244483,-111.97653100000001,4.6
41.244698,-112.004306,13.486
41.244797,-111.96978500000002,37.854
41.247951,-111.94823600000001,4.713
41.248215,-111.969728,3.536
41.248421,-111.97828100000001,9.867
41.251183000000005,-111.954369,10.844000000000001
41.251238,-111.94788700000001,26.345
41.251275,-111.969981,38.285
41.251667,-112.009515,2.3
41.252268,-111.96961499999999,11.918
41.253226,-111.95452900000001,6.246
41.254099,-111.997836,5.683999999999999
41.254805,-111.969577,4.145
41.255024,-111.94798600000001,3.049
41.258671,-111.969857,8.463000000000001
41.258863,-111.97803400000001,10.724
41.259019,-111.950966,1.751
41.259078,-111.957144,11.37
41.259137,-111.96871599999999,11.543
41.259206,-111.96743500000001,9.722000000000001
41.259761,-111.969473,59.034000000000006
41.259833,-111.97773899999999,6.385
41.261742,-111.990003,3.0839999999999996
41.261844,-111.969453,59.192
41.261881,-111.96973100000001,16.088
41.26354,-111.96528400000001,91.0
41.265147,-111.96968100000001,10.927999999999999
41.265783,-111.97093999999998,8.748
41.266867,-111.972682,6.071000000000001
41.267444,-111.977699,45.912
41.267455,-112.00875800000001,9.052999999999999
41.267586,-111.97756499999998,49.80799999999999
41.269892,-111.969315,48.94
41.270109000000005,-111.97751399999999,42.141
41.272377,-111.96925300000001,8.065999999999999
41.274351,-111.96949599999999,18.105999999999998
41.276389,-112.008504,5.6739999999999995
41.277606,-111.96914699999999,14.457999999999998
41.283394,-111.96904599999999,8.29
41.286324,-111.96899099999999,12.263
41.289305999999996,-111.96892700000001,33.579
41.293864,-111.96883899999999,47.622
41.296609000000004,-112.012501,4.6
41.296656,-111.968774,8.834
41.297081,-111.996968,2.415
41.298192,-111.968745,2.82
41.298813,-111.998531,8.043
41.301334999999995,-111.96868400000001,50.64
41.301435,-112.00089299999999,5.114
41.304843,-111.968705,40.038
41.305917,-111.965653,8.834
41.306211,-112.023533,7.812
41.306538,-111.968553,13.607
41.307319,-112.005824,33.139
41.313022,-111.96976699999999,1.8980000000000001
41.317169,-111.947631,12.979
41.317201000000004,-111.966601,4.417
41.317314,-111.957067,4.145
41.317797999999996,-111.981086,1.52
41.319159,-111.98855900000001,1.52
41.325103999999996,-112.019755,8.624
41.325447,-112.01973400000001,4.7989999999999995
41.409319,-112.036181,5.932
41.458364,-112.037903,4.8389999999999995
41.462334000000006,-112.035592,11.825
41.485739,-112.01677099999999,7.686
41.486404,-112.027353,16.901
41.491737,-112.026726,9.597999999999999
41.492917999999996,-112.015973,17.624
41.494857,-112.015943,7.489
41.495631,-112.016195,4.8389999999999995
41.496448,-112.015955,12.793
41.503318,-112.015826,9.788
41.506597,-112.015726,9.597999999999999
41.510159,-112.015651,11.865
41.513625,-112.01558500000002,5.932
41.524896999999996,-112.014951,4.894
